<Anims>
 <anim name="BUILD" root="custom_handitem" numframes="50" framerate="40">
  <frame idx="0" w="1242" h="687" x="30.500000" y="-197.547516">
   <element name="swap_baton" layername="swap_object" frame="0" z_index="6" m_a="0.942887" m_b="0.105361" m_c="-0.105361" m_d="0.942887" m_tx="-322.549988" m_ty="-107.449997"/>
   <element name="wilson" layername="wilson" frame="0" z_index="5" m_a="1.000000" m_b="0.000000" m_c="0.000000" m_d="1.000000" m_tx="-548.973999" m_ty="-364.090912"/>
   <element name="wilson" layername="wilson" frame="1" z_index="3" m_a="1.000000" m_b="0.000000" m_c="0.000000" m_d="1.000000" m_tx="-146.753250" m_ty="-372.428558"/>
   <element name="swap_baton" layername="swap_object" frame="0" z_index="4" m_a="0.936119" m_b="0.153312" m_c="-0.153312" m_d="0.936119" m_tx="94.050003" m_ty="-104.849998"/>
   <element name="swap_baton" layername="swap_object" frame="0" z_index="2" m_a="-0.940837" m_b="0.120407" m_c="0.120407" m_d="0.940837" m_tx="394.700012" m_ty="-98.099998"/>
   <element name="wilson" layername="wilson-2" frame="2" z_index="1" m_a="1.000000" m_b="0.000000" m_c="0.000000" m_d="1.000000" m_tx="371.974030" m_ty="-368.584412"/>
  </frame>
  <frame idx="25" w="1242" h="687" x="30.500000" y="-197.547516">
   <element name="swap_baton" layername="swap_object" frame="0" z_index="6" m_a="0.942887" m_b="0.105361" m_c="-0.105361" m_d="0.942887" m_tx="-322.549988" m_ty="-107.449997"/>
   <element name="wilson" layername="wilson" frame="0" z_index="5" m_a="1.000000" m_b="0.000000" m_c="0.000000" m_d="1.000000" m_tx="-548.973999" m_ty="-364.090912"/>
   <element name="wilson" layername="wilson" frame="1" z_index="3" m_a="1.000000" m_b="0.000000" m_c="0.000000" m_d="1.000000" m_tx="-146.753250" m_ty="-372.428558"/>
   <element name="swap_baton" layername="swap_object" frame="0" z_index="4" m_a="0.936119" m_b="0.153312" m_c="-0.153312" m_d="0.936119" m_tx="94.050003" m_ty="-104.849998"/>
   <element name="swap_baton" layername="swap_object" frame="0" z_index="2" m_a="-0.940837" m_b="0.120407" m_c="0.120407" m_d="0.940837" m_tx="394.700012" m_ty="-98.099998"/>
   <element name="wilson" layername="wilson-2" frame="2" z_index="1" m_a="1.000000" m_b="0.000000" m_c="0.000000" m_d="1.000000" m_tx="371.974030" m_ty="-368.584412"/>
  </frame>
 </anim>
</Anims>
