<Anims>
 <anim name="swap_baton" root="swap_baton" numframes="50" framerate="40">
  <frame idx="0" w="511" h="634" x="-341.131134" y="-245.529099">
   <element name="swap_baton" layername="swap_object" frame="0" z_index="1" m_a="0.942887" m_b="0.105361" m_c="-0.105361" m_d="0.942887" m_tx="-322.549988" m_ty="-107.449997"/>
  </frame>
  <frame idx="25" w="511" h="634" x="-341.131134" y="-245.529099">
   <element name="swap_baton" layername="swap_object" frame="0" z_index="1" m_a="0.942887" m_b="0.105361" m_c="-0.105361" m_d="0.942887" m_tx="-322.549988" m_ty="-107.449997"/>
  </frame>
 </anim>
</Anims>
